Question,Confirmation,Factoid,List,Causal,Hypothetical,Complex
Why are newborns described as physiologically immunodeficiencies?,0,1,0,1,0,0
Why is zinc not able to ever corrode?,0,1,0,1,0,0
Why do humans hunt?,0,1,0,1,0,0
Do glaciers need permanent snow or only temporary cover?,1,0,0,0,1,0
Why can outdoor activities take place all year in Miami?,0,1,0,1,0,0
Has the Government of India taken any measures against child labour?,1,0,0,1,0,0
After emigration from the west did Jewish communities in places like Poland have a stable or unstable sociopolitical environment?,0,0,0,1,0,1
What are the consequences for global agriculture if genetically modified plants do not need water?,0,0,1,0,1,0
Why was the electoral college introduced?,0,1,0,1,0,0
Why are CDs limited to a single size?,0,1,0,1,0,0
Why were his children free?,0,1,0,1,0,0
Why are high index glasses appreciated?,0,1,0,1,0,0
Why does the MULTI OUT connector differ from region to region?,0,1,0,1,0,0
Why does water decrease lamp darkening?,0,1,0,1,0,0
Why does the current have that name?,0,1,0,1,0,0
Why are God's representations discouraged in Islam?,0,1,0,1,0,0
Why were some multiracial children sent to Europe?,0,0,0,1,0,1
Why do gymnasts dismount?,0,1,0,1,0,0
Did the FBI investigate Martin Luther King Jr?,1,0,0,1,0,0
In the metropolitan area of New Haven is a Fortune 1000 company located in Orange the name of the company?,0,1,0,0,0,1
Why was van Beurden under review?,0,1,0,1,0,0
Could a club appeal a requirement?,1,0,0,0,1,0
Why does current have that name?,0,1,0,1,0,0
Why is STOVL not used by other navies?,0,1,0,1,0,0
Detail changes to human governance if decision-making was facilitated by predictive algorithms,0,0,1,0,1,1
Why are annelids' segments like helium-balloons?,0,1,0,1,0,0
Why was the word 'national' a cause for alarm to both Federalists and Anti-Federalists?,0,1,0,1,0,0
Why was Victoria advised not to visit France in April 1900?,0,1,0,1,0,0
Why are glacial crevices formed?,0,1,0,1,0,0
Detail the global economic reforms needed if a universal basic income became a necessity due to automation,0,0,1,0,1,1
Why are smoking bans in place?,0,1,0,1,0,0
Why are seabirds in the southern hemisphere more likely to migrate?,0,1,0,1,0,0
The relative separation of the colours of the object illuminated by a light source is known as?,0,1,0,0,0,1
Why did many Slavic languages distance themselves from Russian influences?,0,1,0,1,0,0
Why is the Global Development Division focusing on pro-poor sanitation?,0,1,0,1,0,0
List the effects on education if students could learn through virtual reality simulations?,0,0,1,0,1,0
Why are buildings so shooddily built?,0,1,0,1,0,0
How would human culture evolve if we developed the technology to share and experience each other's emotions directly,0,0,0,0,1,1
"If society changes to a working week of 20 hours, what would be the effects on leisure productivity and family life?",0,0,0,0,1,1
In what year was the CCP divided into three denominations because of controversy?,0,1,0,0,0,1
Did Josef Jungmann think German would return as a major language?,0,0,0,1,0,1
Why did blacks fear to identify as African?,0,1,0,1,0,0
Why was Swan's first lamp commercially viable?,0,1,0,1,0,0
Why does Sowell believe that there is little to no incentive for the preferred minority groups to perform at their best?,0,0,0,1,0,1
Can people in New Zealand vote for the Electoral Commission Party?,1,0,0,0,1,0
Why is non-alloy zinc not used in construction applications?,0,1,0,1,0,0
Peter J. Wallison's conclusions regarding the financial crisis are not in agreement with this economist's views?,0,0,0,1,0,1
Why can Uthman be considered the founder of a dynasty?,0,1,0,1,0,0
Why are leeches in danger?,0,1,0,1,0,0
Why are anneloids like helium balloons?,0,1,0,1,0,0
Why was a platform used?,0,1,0,1,0,0
Why did Victoria repremend Derby following her visit with Napolean III?,0,1,0,1,0,0
Why have wall mosaics generally not survived in the region?,0,1,0,1,0,0
Did South Slav languages develop coherently or independently?,0,1,0,1,0,0
Why do Muslim antimasonics believe that Freemasons want to destroy Al-Aqsa Mosque?,0,1,0,1,0,0
Why is the measurement of electric current an issue in the estimate of the gyromagnetic ratio?,0,1,0,1,0,1
Why are poultry eggs useless aside from consumption?,0,1,0,1,0,0
Why have Italian bonds been lost by the ECB?,0,0,0,1,0,1
Why do Sephardim represent the overwhelming majority of Jews in the New World?,0,1,0,1,0,0
What would happen to the global economy if a technology for perfect memory recall was developed and commercialized?,0,0,0,0,1,1
Why is there difficulty in defining process theology?,0,1,0,1,0,1
Why was campus police established?,0,1,0,1,0,0
Why exactly was the fort rename to Fort Nathan Hale?,0,1,0,1,0,1
Why did more than half a million people flee?,0,1,0,1,0,0
What if humans discovered a way to live on Mars sustainably; outline the steps for colonization and the potential societal impacts,0,0,1,0,1,1
List three French writers who have won the Nobel Prize in Literature and explain how their works have influenced French culture.,0,0,1,0,0,1
Why has the Internet been developed?,0,1,0,1,0,0
Why was there a large population of Algonquins in Bermuda?,0,1,0,1,0,0
The conclusions of Peter J. Wallison concerning the financial crisis do not agree with the views of this economist?,0,0,0,1,0,1
Why was paper tape better than magnetic tape?,0,1,0,1,0,0
Why were women composers deemed not notable?,0,1,0,1,0,0
Why was the Republic of Novgorod doing so well when the Kiev Rus refused?,0,1,0,1,0,1
Why would Guam be so important?,0,1,0,1,0,0
Why did New York state allow unmarked cars for traffic police?,0,1,0,1,0,0
The ordered the Russian troops to leave the Principalities?,0,1,0,1,0,0
The time span that is counted as the non-classical for the Greeks is from eras ?,0,1,0,0,0,1
Why was the border between Mexico and the United States established south of the northernmost point of San Diego Bay?,0,1,0,1,0,1
What if humans could change their genetic composition at will; how would this ability have an impact on the ethics of society and human evolution?,0,0,0,0,1,1
Why did UNFPA never change their name?,0,1,0,1,0,0
What common complex is formed by the UO2+ 2 ion with organic chelating agents?,0,1,0,0,0,1
Outline the changes in human behavior if everyone could remember everything perfectly?,0,0,1,0,1,0
Why would a transmitter have additional adjustments?,0,1,0,1,0,0
Why is Yiddish not a dialect of German?,0,1,0,1,0,0
Why was the Board of Estimate found unconstitutional?,0,0,0,1,0,1
Why do American troops visit Tajikistan so often?,0,0,0,1,0,1
Why are the compounds of zinc very colorful?,0,1,0,1,0,0
Imagine if all humans had an innate ability to sense when they were being lied to; how would this transform personal relationships and politics?,0,0,0,0,1,1
"And if everyone could only tell the truth, how it would change political relations and business",0,0,0,0,1,1
Why is it hard to find the origin of the word Tajik?,0,1,0,1,0,1
Did cultural exchange during the Age of Enlightenment travel exclusively to America or did the information travel in both directions across the Atlantic to Europe?,1,0,0,0,0,1
Why was the municipality of Quianjiang formed?,0,1,0,1,0,0
Why is hydrogen employed?,0,1,0,1,0,0
Why were Italian bonds lost by the ECB?,0,0,0,1,0,1
Are there laws against marriage between whites and Asians in the United States?,0,1,0,1,0,0
"How has the French educational system evolved over time, and what are some of the challenges it faces today?",0,1,0,1,0,1
Why have the following generations always admired the Nara period?,0,1,0,1,0,0
What to do if humans discover a way to live on Mars in a sustainable way; describe the stages of colonization and the potential impacts on society,0,0,1,0,1,1
Why do engines have little space for insulation?,0,1,0,1,0,0
Did Mexico play a role in the war?,1,0,0,1,0,0
Why were the targets achieved during these attacks?,0,1,0,1,0,1
List the cultural changes expected if humans have developed the ability to communicate telepathically,0,0,1,0,1,1
What was the most notable naval victory that the EIC had?,0,1,0,0,0,1
Why were sled-dogs used to deliver medicine to Nome in 1952?,0,1,0,1,0,0
Besides its association with danger why was red chosen for traffic lights?,0,1,0,1,0,0
Why is network security under study?,0,1,0,1,0,0
What did Rutherford institute the appointment of in each congregation in 1919?,0,1,0,0,0,1
Why is table sugar produced?,0,1,0,1,0,0
Imagine the societal changes that would occur if humans could photosynthesize and partially support themselves on sunlight,0,0,0,0,1,1
Why did the Russian Orthodox Church and the Russian Federation of Jewish Communities ask members to boycott the concert?,0,1,0,1,0,0
Why was van Beurden examined?,0,1,0,1,0,0
"Don't some cultures use the term ""black people""?",1,1,0,0,0,0
Why does the FBI operate LEGAT's offices?,0,0,0,1,0,1
Name some cultural universes that exist with humans today.,0,1,1,0,0,0
Why did Telnet define CSAII as the ABCDIC?,0,1,0,1,0,0
Why did Brasil need an adapted version of the CSAII?,0,1,0,1,0,0
Were there any laws against marriage between whites and Asians in the US?,0,1,0,1,0,0
Why is the world's Jewish population easy to measure?,0,1,0,1,0,0
When did the Genpei war take place?,0,1,0,1,0,0
Why are Guinean birds useless to humans?,0,1,0,1,0,0
Why is hydrogen used?,0,1,0,1,0,0
Why were new plants arriving in Europe in the 18th century?,0,1,0,1,0,0
The pitch of complex tones can be?,0,1,0,0,0,1
Why do cells easily stain with dyes?,0,1,0,1,0,0
"If France never had a monarchy, what would the French political system look like today, and how would it differ from the current system?",0,1,0,0,1,1
Why did Emperor Kammu move the capital to Heian0kyo after 1000 years?,0,1,0,1,0,1
"What would happen if French cuisine did not have access to seafood, and how would this affect the country's culinary reputation?",0,0,0,1,1,0
Do all plants have male and female parts?,1,1,0,0,0,0
Why do many hip hop and R&B artists turn to roots?,0,0,0,1,0,1
Why does the white sun cross the atmosphere?,0,1,0,1,0,0
Why was this award given by the Pope to Lyndon B. Johnson?,0,0,0,1,0,1
Why are annelids' segments like water-balloons?,0,1,0,1,0,0
Why is basic thought crucial to Dewey's theory?,0,0,0,1,0,1
Why is it possible to distinguish UTF-8 from other protocols?,0,1,0,1,0,0
What caused the resurface of the Grecian monotony in politics?,0,1,0,1,0,0
Why is zinc carbonate poorly absorbed in the body?,0,1,0,1,0,0
Why do some countries display numbers in chunks of two to four numbers?,0,1,0,1,0,0
Why has Unicode been criticized for not separately encoding forms of kanji?,0,1,0,1,0,0
Why has Bermuda's need for salt diminished?,0,1,0,1,0,0
Was there a great need for childhood education in a pre-industrial society?,0,1,0,1,0,0
Why did NARA create the National Archives in 1934?,0,1,0,1,0,0
How would the finding of extraterrestrial microbial life in our solar system alter our approaches to space exploration and biosecurity?,0,0,0,0,1,1
Why is there a debate as to dubbing the diamondback terrapin the oldest indigenous land vertebrate?,0,1,0,1,0,1
Why is Mexico vulnerable to flooding?,0,1,0,1,0,0
Why was the Freemasonry of Prince Hall formed?,0,1,0,1,0,1
Why did the King of England have problems with parliament in the 17th century?,0,1,0,1,0,0
List two reasons why Libya become an 'international pariah.',0,0,1,1,0,0
In what century did the passage from old Persian to middle Persian begin well?,0,1,0,1,0,0
IndyMac resisted the regulators' efforts to tighten the criteria for their loans?,1,0,0,1,0,0
Why did Robert Osborne stop showing movies on TCM for several months?,0,1,0,1,0,0
Complex organisms can occupy what is not available for their simpler Brethern?,0,1,0,0,0,1
"If France never had a monarchy, what would the French political system look like today, and how would it be different from the current system?",0,1,0,0,1,1
Why was the media transfer protocol designed?,0,1,0,1,0,0
Can members of the upper chamber be charged directly or indirectly?,0,1,0,0,0,1
Why is written music notation effective?,0,1,0,1,0,0
Why is the ability to start SD cards locked in writing with a USB adapter advantageous?,0,1,0,1,0,0
Why will water become concave according to the relativity theory?,0,1,0,1,0,0
Compared to none of the US does Alaska has many or few road connections?,1,0,0,0,1,0
Why are Molluscs and Annelidas considered to be close relatives?,0,1,0,1,0,0
Witch wars proceeded Palermo's contact with Ancient Greece?,0,1,0,1,0,1
Why do some think Whitehead's writings have limited his influence?,0,1,0,1,0,0
Why are anneloids water balls?,0,1,0,1,0,0
The CBC cited not wanting to pay for the transition from analog to digital as it's reason for doing this?,1,0,0,1,0,0
Why are more ligatures in Unicode likely to happen?,0,1,0,1,0,0
Why did Professor Skousen collect fragments and analyze them?,0,1,0,1,0,0
Why did the construction of Eton Mission cease in 1971?,0,0,0,1,0,1
Why was there a large population of Algonquian people in Bermuda?,0,1,0,1,0,0
In addition to the content of the treaty itself why might a treaty be invalidated?,0,1,0,1,0,1
Why do most fish reptiles amphibians and birds appear green?,0,1,0,1,0,0
Why do researchers calculate the sum of an organisms genes?,0,1,0,1,0,0
Why are Bermuda considered an offshore financial centre?,0,1,0,1,0,0
Why did the construction of the Fine Arts Palace take so long?,0,0,0,1,0,1
Why is the Avian flu only a risk to animals?,0,1,0,1,0,0
Why have AC motors been used?,0,1,0,1,0,0
Who did Gorbachev appoint as the first Secretary of the Azerbaijani Communist Party in 1988?,0,1,0,0,0,1
Why were alternative energy sources considered economic in 2001?,0,1,0,1,0,0
The routine practice of immunology can best be characterized as?,0,0,0,1,0,1
Why did rights-holders complain to Wikipedia.org?,0,1,0,1,0,1
Did John Locke want to foster or avoid increased detailed debate on the essence of Christianity?,0,0,0,1,0,1
Why were the first 256 code points identical to ISO-8859-1?,0,1,0,1,0,0
Whose retreat during the Korean war was the longest in the history of the US Army?,0,1,0,0,0,1
Why is STOVL used by other marines?,0,1,0,1,0,0
"In addition to the content of the treaty itself, why could a treaty be invalidated?",0,1,0,1,0,1
Why were political radicals such as Ernst Haekel so interested in the origin of the species?,0,1,0,1,0,0
Why is zinc oxide useful in photocopying products?,0,1,0,1,0,0
Why did Selz publish his ideas?,0,0,0,1,0,1
Why was the website to be removed?,0,1,0,1,0,0
"What would happen if French cuisine didn't have access to any seafood, and how would it affect the country's culinary reputation?",0,0,0,1,1,0
Enumerate the social and ethical implications of discovering an immortal species living among humans,0,0,1,0,1,1
Why did the Normans adopt a Byzantine art style?,0,0,0,1,0,1
The time that is counted as the classic for the Greeks is of eras?,0,1,0,0,0,1
Why is there still Bilingual spoken in these states?,0,1,0,1,0,0
Why did monasteries have gardens?,0,1,0,1,0,0
How would legal systems worldwide adapt to the introduction of mind-reading technology in courtrooms?,0,0,0,0,1,1
Why has copyright infringement increased recently?,0,1,0,1,0,0
Within the New Haven metropolitan area contain a Fortune 1000 company located in Orange the name of the company?,0,1,0,0,0,1
Why did some scientists think Burke didn't want his book like a satire then that it was a satire?,0,0,0,1,0,1
"Is it true that French people are the biggest wine consumers in the world, and if so, what are the reasons for this trend?",1,1,0,0,0,1
Does the bilateral treaty between Switzerland and the European Union establish rights or obligations amongst the EU and its member states?,0,1,0,0,0,1
Have the researchers learned anything to study elasticity?,1,1,0,0,0,0
Why are renewable energy an attractive option?,0,1,0,1,0,0
"In the 1950s, why didn't the Picturephone become a success?",0,1,0,1,0,0
Why were the non nobles and nobles referred as the same term?,0,0,0,1,0,1
Why Are China France Russia the UK and the US seen as by middle powers?,0,1,0,1,0,1
Outline the consequences for global agriculture if genetically modified plants required no water?,0,0,1,0,1,0
Why do merchants prefer that their daughters do not marry samurai?,0,1,0,1,0,0
Why is Samkhya considered theistic?,0,1,0,1,0,0
Name two US bills that want to ban antibiotics in food production?,0,1,0,0,0,1
List the consequences for wildlife conservation if animals could communicate their emotions?,0,0,1,0,1,0
Why do RLV discs have a blue or violet reflective color?,0,1,0,1,0,1
Why is uranium concentrate in agricultural land so high?,0,1,0,1,0,0
Why was the municipality of Chongqing formed?,0,0,0,1,0,1
Outline the process and impacts of transitioning to a global currency that is entirely digital and decentralized,0,0,1,0,1,1
Why have Denmark and Norway remained neutral rather than helping their long-standing ally in Britain?,0,0,0,1,0,1
Detail the modifications to human governance if decision-making was assisted by predictive algorithms,0,0,1,0,1,1
Is conjugation a common bacterial adaptation?,1,1,0,0,0,0
Why did the Spanish colonies delay adopting the timetable?,0,1,0,1,0,1
"Why didn't the Japanese launch their attack on September 20, 1945?",0,1,0,1,0,0
Why are some people hesitant to use LED lighting?,0,1,0,1,0,0
Why is fundamental thinking crucial for Dewey's theory?,0,0,0,1,0,1
Why is renewable energy an attractive option?,0,1,0,1,0,0
Why are hydrocarbon pesticides not excreted?,0,1,0,1,0,0
When was the Genpei war?,0,1,0,1,0,0
Before the mid-20th century were people open about their multicultural heritage and why or why not?,0,0,0,1,0,1
Why is the calculation of Gregorian calendar days not simple?,0,1,0,1,0,0
Why does water reduce the darkening of the lamp?,0,1,0,1,0,0
"Why does Teletype have the code for ""rubout""?",0,1,0,1,0,0
Why were the researchers recognized in 1975?,0,1,0,1,0,0
Name one reason the ancient and distinct Jewish languages have largely fallen out of use?,0,1,0,1,0,0
Why does translation cause such problems among different cultures?,0,0,0,1,0,1
Why were secondary schools not established?,0,1,0,1,0,0
Would a lower IAG mean a higher apparent saturation or a liveliness of the object's colors?,0,1,0,0,0,1
Why did Moscow begin to crack down on the Ukrainian language?,0,0,0,1,0,1
Why did Mongolian princes ask for titles?,0,1,0,1,0,0
Why did Emperor Qing Qianlong send a great Chinese army to Tibet?,0,1,0,1,0,0
Why was this plant chosen for sequencing?,0,1,0,1,0,0
Why is the CD-RW more expensive than the ReWritable CD?,0,1,0,1,0,0
"Can you name three famous French artists of the 19th century, and explain how their works influenced the artistic movement of that time?",0,0,1,1,0,1
Why have Eritrean government officials participated in many meetings with NGO representatives?,0,0,0,1,0,1
Why did China need to resettle people into Chongqing?,0,1,0,1,0,0
Why is uranium concentrate in agricultural land so low?,0,1,0,1,0,0
What effect has Whitehead had on the future of metaphysics?,0,1,0,1,0,0
Why has the art of the Ottoman Empire evolved as it did?,0,0,0,1,0,1
Do adolescents adults or both weight the potential rewards and consequences of an action?,0,1,0,1,0,0
Why are some scientists not sure about the diversification of life?,0,0,0,1,0,1
Why are astronomical observations better made from most surface locations?,0,1,0,1,0,0
Defining the lectio brevior,0,1,0,0,0,1
Why did Nicaraguans come to America?,0,1,0,1,0,0
Why is the glass annealed?,0,1,0,1,0,0
Why do people say KInseys work is not correct?,0,1,0,1,0,0
Why is there no difficulty faced in using poultry to cultivate vaccines?,0,1,0,1,0,0
Why did some owners burn their own buildings?,0,1,0,1,0,0
Why is the number of mobile subscribers rising faster than the number of internet connected users?,0,1,0,1,0,0
Why do gadgets that have GPS or collect data about your habits put you at risk for an attack?,0,1,0,1,0,0
Was a law enacted in 1991 allowing corporations to sell land holdings or was it repealed?,0,1,0,1,0,0
How would the discovery of a cure for ageing affect the management of global population resources and the economy?,0,0,0,0,1,1
How would the integration of AI into judicial systems affect the speed and fairness of judicial proceedings?,0,0,0,0,1,1
Why does clinical immunology extend to these areas?,0,1,0,1,0,0
Why is quadratic behaviour not observed in modern devices?,0,1,0,1,0,0
Is it believed that they truly aren't responsible in full for the collapse ?,0,1,0,1,0,0
Why is it important for textual critics to analyze plays?,0,1,0,1,0,0
Why are zinc compounds very coloured?,0,1,0,1,0,0
List potential global health impacts if a vaccine is developed to prevent all forms of cancer.,0,0,1,0,1,1
Why is zinc oxide useful for photocopying products?,0,1,0,1,0,0
Why have laws such as the drop rule been enacted?,0,1,0,1,0,1
Why are high-index glasses valued?,0,1,0,1,0,0
Why are people less likely to want to live on a farm?,0,1,0,1,0,0
Is there a cure for long acting beta agonists?,1,1,0,0,0,0
Why did Neptune seem to be in its exact discovery position?,0,1,0,1,0,0
Why did the Chinese maintain timekeeping records in the 11th century?,0,1,0,1,0,1
Why could the voting princes claim to be King of Prussia?,0,0,0,1,0,1
Why is the translation of the Old Testament into Greek known as the Septuagint?,0,1,0,1,0,0
Why is the concentrate of uranium in farmland so low?,0,1,0,1,0,0
Outline the economic policies to manage the discovery of a new energy source more powerful than nuclear energy,0,0,1,0,1,1
List the social and ethical implications of the discovery of an immortal species living among humans,0,0,1,0,1,1
Why is Burma facing this problem with the precious stones industry?,0,1,0,1,0,0
Why wasn't secondary school introduced in the U.S?,0,0,0,1,0,1
Why are sodas and high-sugar fruit juices not recommended?,0,1,0,1,0,0
Why doesn't Deraismes like freemasonry?,0,0,0,1,0,1
Why does the Georgian party want to increase its support for political parties?,0,1,0,1,0,0
Why is the Permanent Fund an exception to the Alaskan Constitution?,0,1,0,1,0,0
Why do almost all carriers using non-conventional aircraft have stopped recovery systems?,0,1,0,1,0,0
Why did a few scholars think Burke hadn't intended his book as a satire yet later claimed it was a satire?,0,0,0,1,0,1
Why would American Italians want to be nominated as members of a preferred group?,0,0,0,1,0,1
The violence beginning in 1963 resulted in the deaths of many Turks?,1,0,0,1,0,0
Was Melbourne more or less affected by the financial crisis of the late 2000s compared to other Australian cities?,0,1,0,1,0,0
Why did Professor Skousen gather fragments and have them analyzed?,0,1,0,1,0,0
How has the French education system evolved over time and what are the challenges it faces today?,0,1,0,1,0,1
Why do so many multinationals have their English American headquarters in Miami?,0,1,0,1,0,0
Why have the Ugyhurs not been sent back to China?,0,1,0,1,0,0
Why is cockfighting no longer something people want to be involved with?,0,1,0,1,0,0
Why has Penicillium never been marketed?,0,1,0,1,0,0
What has made it necessary for more industries?,0,1,0,1,0,0
Why did Gaddafi laugh at primary school?,0,1,0,1,0,0
Why is sexual orientation based on one component causing problems?,0,1,0,1,0,0
Why was the YouTube site launched for the first time in 2010?,0,1,0,1,0,0
Why are some bacteria called predators?,0,1,0,1,0,0
Why is it used as a coolant?,0,1,0,1,0,0
Why do cells color easily with dyes?,0,1,0,1,0,0
List changes in family structures and dynamics if humans could choose their biological characteristics,0,0,1,0,1,1
Why was the make-up of the green face worn by the ancient Egyptians?,0,1,0,1,0,0
Did the actions of the Chinese fix their problems?,1,0,0,1,0,0
Why were foxes originally hunted?,0,1,0,1,0,0
"Is it true that the French are the largest consumers of wine in the world, and if so, what are the reasons for this trend?",1,1,0,0,0,1
Why did Victoria represent Derby after her visit with Napoleon III?,0,1,0,1,0,0
Why was the use of organochlorine hydrocarbons ended?,0,1,0,1,0,0
Why does the CIA operate LEGAT offices?,0,1,0,1,0,0
Why does geography have an effect of the amount of solar energy available?,0,1,0,1,0,0
Why did some political comments attempt to attach natural selection to human races?,0,0,0,1,0,1
Describe the potential impacts on health care if a cure for aging has been found?,0,0,1,0,1,0
The time that is counted as non-classical for the Greeks is of eras?,0,1,0,0,0,1
Goes the number of internet users in Somalia continue to rise or fall?,0,1,0,1,0,0
What if an incontrovertible proof of a multiverse was found; how would this affect our philosophical and religious views?,0,0,0,0,1,1
How would the French economy be affected if it decided to leave the European Union?,0,0,0,1,1,0
Why was Phillips hospitalized during his stay on American Idol?,0,1,0,1,0,0
Why did Sigmund believe all humans are born bisexual?,0,1,0,1,0,0
Why does Milena Sterio regard UNSC members as great powers?,0,0,0,1,0,1
What if a single language evolved to become the universal mode of communication; what would be lost and what would be gained,0,0,0,0,1,1
What would be the ethical and societal implications of creating artificial islands to house the growing global population?,0,0,0,0,1,1
Why is zinc carbonate poorly absorbed into the body?,0,1,0,1,0,0
Why did agriculture become so significant for Armenia's economy?,0,1,0,1,0,0
Why are diesel trains still used on electrified routes?,0,1,0,1,0,0
Name one event that occurred in the Arab world during Gaddafi's childhood that influenced his life.,0,1,0,0,0,1
"And if a new mineral were discovered on Mars that could revolutionize energy production, how would that affect space policy and the economy?",0,0,0,0,1,1
Why was Nintendo accused of antitrust behavior?,0,1,0,1,0,0
In what year was the PCK divided into three denominations because of a controversy?,0,1,0,0,0,1
"What would happen if French cuisine ceased to exist, and what impact would that have on French society and culture?",0,0,0,1,1,0
Outline the educational reforms needed if students could download knowledge directly to their brains,0,0,1,0,1,1
Why has Unicode been criticized for not coding the forms of kanji separately?,0,1,0,1,0,0
Does the typical duration of relationships increase or decrease throughout the teenage years?,1,0,0,0,1,0
Why is peering used?,0,1,0,1,0,0
Why did Google's CEO think the new software was needed?,0,1,0,1,0,1
Why did the Echmiadzin church become independent?,0,0,0,1,0,1
Why is a loss of energy difficult to measure by weight?,0,1,0,1,0,0
Why does the MULTI OUT connector differ between regions?,0,1,0,1,0,0
Have there been any changes to restrictions placed on the communications networks in Burma ?,0,1,0,1,0,0
Does child labour exist in the 21st century?,0,1,0,1,0,0
Why did the monasteries have gardens?,0,1,0,1,0,0
Complex organisms can occupy this that are not available to their simpler brethern?,0,1,0,0,0,1
Why are diesel trains still used on electrified roads?,0,1,0,1,0,0
Why did Petrovitch not succeed in persuading Austria to invade Prussia?,0,0,0,1,0,1
Why is some energy in the electroluminescence process emitted by heat and darkness?,0,1,0,1,0,0
Why did the CEO of Google think the new software was necessary?,0,1,0,1,0,1
Was the meeting in Canberra a group of people who supported or opposed Franklin D. Roosevelt?,0,1,0,0,0,1
Why is Lancashire smaller than its historical extent?,0,1,0,1,0,1
Why did the foundation make the change?,0,1,0,1,0,0
What political problem did Montini feel he needed to address as a diplomat in Poland?,0,1,0,1,0,0
Why did the Chinese keep chronology records in the 11th century?,0,1,0,1,0,1
Why are no leeches endangered?,0,1,0,1,0,0
Imagine a world where personal quantum computers are the norm; what would be the implications for privacy and computer power?,0,0,0,0,1,1
Have elections been held in Burma since the military coup in 1988 ?,0,1,0,1,0,0
"List two reasons why Libya becomes an ""international pariah"".",0,0,1,1,0,0
Along with anti-death penalty advocacy why has there been a shortage in drugs for lethal injections outside of the United States?,0,0,0,1,0,1
Why do scholars say that times are different according to the gospel in which it is written?,0,0,0,1,0,1
Why has the term house become popular?,0,1,0,1,0,0
Why were the Gates Foundation educational reforms criticized?,0,1,0,1,0,1
Why are Guinea fowl useless to humans?,0,1,0,1,0,0
Describe the popular revolution.,0,0,0,1,0,1
Has TB infection increased or decreased worldwide since the start of the 21st century?,0,1,0,1,0,0
Why did Schumann say the Poles were in mourning?,0,1,0,1,0,0
Defining 'lectio difficile',0,1,0,0,0,1
Why is Colorado still an afterthought in American-Spanish society?,0,1,0,1,0,0
Why did the University of Maryland open another campus site?,0,1,0,1,0,0
What steps would society need to take if teleportation became the primary mode of transportation?,0,0,1,0,1,0
Why are seabirds from the southern hemisphere more likely to migrate?,0,1,0,1,0,0
Why do US troops visit Tajikistan every so often?,0,0,0,1,0,1
What if every person could only speak the truth; how would this change politics relationships and business,0,0,0,0,1,1
Can New Zealanders vote for the Electoral Commission Party?,1,0,0,0,1,0
"Before the mid-20th century, were people open to their multicultural heritage and why or why not?",0,0,0,1,0,1
Why is the translation of the Old Testament into Greek known as Septuagint?,0,1,0,1,0,0
What international balance of power has officially created the division between the small and the great powers?,0,1,0,1,0,1
The loss of soil due to the lack of trees along the river bed resulted?,0,1,0,1,0,0
"If artificial superintelligence were to govern nations, how would it affect global conflict and cooperation?",0,0,0,0,1,1
Why might two plants be similar but not actually be in the same group?,0,0,0,1,0,1
Why is it difficult to put more than 60 minutes on a DVD?,0,1,0,1,0,0
Detail the steps in establishing a global health care system capable of responding to pandemics in a matter of days,0,0,1,0,1,1
"How did the Treaty of Versailles affect France's political and social climate after the First World War, and what were some of the long-term effects of this treaty?",0,0,0,1,0,1
Why did Jens Galschiøt leave Hong Kong?,0,1,0,1,0,0
Why does the sequence of a strand fully specify the sequence of its complement?,0,1,0,1,0,0
Why were Americans allowed to start ticking more than one box to identify their race in the 200 census?,0,1,0,1,0,0
Why did the Evangelical Lutheran Church add this memorial to the calendar?,0,1,0,1,0,0
Detail urban adjustments for cities that need to accommodate flying cars and drones,0,0,1,0,1,1
Why did Ibn Sina burn the royal library?,0,1,0,1,0,0
Why gram-negative cell bacteria is more toxic than gram-positive bacteria?,0,0,0,1,0,1
Why is new rock not suitable for mainstream radio?,0,1,0,1,0,0
Enumerate the changes in family structures and dynamics if humans could choose their biological characteristics,0,0,1,0,1,1
Why did Victoria inherit the throne?,0,1,0,1,0,0
"Since 2011, Foreign Direct Investment has disappeared?",0,1,0,1,0,0
Why do Czechoslovakians regard Czech and Slovak as one language?,0,1,0,1,0,0
Why do modern breeds look the same as their wild ancestors?,0,1,0,1,0,0
When can sunlight be stored as gravitational kinetic energy?,0,1,0,1,0,0
Why did the King of England have issues with parliament in the 17th century?,0,1,0,1,0,0
"Can you name three famous French artists from the 19th century, and explain how their works influenced the art movement of that time?",0,0,1,1,0,1
Why don't the debates have a separate winner?,0,1,0,1,0,0
Why were benefits such as relaxed zoning rules and special parking privileges granted to churches?,0,1,0,1,0,0
What would the geopolitical landscape look like if energy were free and unlimited for all countries?,0,0,0,0,1,1
How would the discovery of extraterrestrial microbial life in our solar system change our approaches to space exploration and biosecurity?,0,0,0,0,1,1
Why wasn't philosophy taught in Ottoman madaris?,0,1,0,1,0,0
Why are the differences between flora and fauna not only due to differences between regions?,0,1,0,1,0,0
Why was the Royal Dutch Petroleum Company created?,0,1,0,1,0,0
Were Greek temples built in the Hellenistic period larger or smaller than classical temples?,0,1,0,1,0,0
Were other sites compromised in addition to Ashley Madison?,0,1,0,1,0,0
Is a lectio brevrio or lectio difficilior approach more akin to the original text?,1,0,0,0,0,1
What leads to the king's excommunication?,0,1,0,1,0,0
Why was the commercialization of classical music harmful to the music industry according to Shawn Vancour?,0,1,0,1,0,1
Did the vast majority of participants in the competitions come from the richest segments of society or from the popular classes?,0,0,0,1,0,1
Why does Hume say we can know the sun will rise in the east?,0,1,0,1,0,0
Why does Sephardim represent the overwhelming majority of New World Jews?,0,1,0,1,0,0
Why is STOVL not used by other marines?,0,1,0,1,0,0
Why was Dinuzulu kaCetshwayo imprisoned on the island?,0,1,0,1,0,0
Why do the tubes of the phloem sieve stop forming?,0,1,0,1,0,0
Why are the labelling rules established?,0,1,0,1,0,0
Why can't federal courts just invent the law?,0,0,0,1,0,1
Why did it receive this award?,0,1,0,1,0,0
Detail the shifts in environmental policy if evidence of life was found on another planet?,0,0,1,0,1,0
Why would zinc possibly be derived from the imaginary word zinke?,0,1,0,1,0,0
Why did Frederick manage to withdraw?,0,1,0,1,0,0
Please cite one of the reasons why urbanization has developed in China.,0,1,0,1,0,0
Has any legislation enacted in 1991 allowed companies to sell land or was it repealed?,0,1,0,1,0,0
Why is a donor heart more sensitive to MI pain?,0,1,0,1,0,0
Why was COBOL created?,0,1,0,1,0,0
The relative separating of object colors illuminated by a light source is known as?,0,1,0,0,0,1
"What if the Earth's core cooled down significantly, what would be the immediate and long-term effects on the magnetic field and the life of the planet?",0,0,0,0,1,1
Detail the adjustments in urban planning for cities that need to accommodate flying cars and drones,0,0,1,0,1,1
Why are sodas and high sugar fruit juices not recommended?,0,1,0,1,0,0
Why is cotton grown as a regional crop?,0,1,0,1,0,0
The Royal Assent Act 1968 was passed why?,0,1,0,1,0,0
Why was the campus police established?,0,1,0,1,0,0
List the cultural shifts expected if humans developed the ability to communicate telepathically,0,0,1,0,1,1
Why did Sichuan see bastions on the continent?,0,0,0,1,0,1
Why was China's network security team established?,0,1,0,1,0,0
Why is the term post-punk sometimes disputed?,0,1,0,1,0,0
Why can't Mandarin and Cantonese be considered dialects?,0,0,0,1,0,1
Why was there a low point for English football?,0,1,0,1,0,0
Define lectio brevior,0,1,0,0,0,1
Are Greenland's glacial earthquakes increasing or decreasing as time goes on?,0,1,0,1,0,0
Why couldn't ideographers be simplified like Hangul?,0,1,0,1,0,0
Why was the border between Mexico and the United States established one league south of San Diego Bay's most northern tip?,0,1,0,1,0,1
Is the capital the holder of most of Myanmar's population?,1,1,0,0,0,0
Was there any specific reason why many Nicaraguans fled to the United States?,0,1,0,1,0,0
Why did the Normans adopt a Byzantine style of art?,0,0,0,1,0,1
Why are capacitors connected in parallel with power circuits of many devices and large systems?,0,1,0,1,0,0
What strategies would cities adopt if they had to become completely self-sustaining?,0,0,1,0,1,0
Was Menzies for or against the nationalization of the banking system in Australia?,0,1,0,1,0,0
Summary of the changes in international law needed to govern the colonization of other planets,0,0,1,0,1,1
Why did Henry VIII wish to execute his fifth wife?,0,1,0,1,0,0
"What would be the consequences of the discovery on Earth of an ancient civilization, technologically advanced beyond current levels?",0,0,0,0,1,1
Why are capacitors connected in parallel with the power circuits of many devices and large systems?,0,1,0,1,0,0
What would happen to the global economy if perfect memory technology were developed and marketed?,0,0,0,0,1,1
Why did CIRFU create Burnside rules?,0,1,0,1,0,0
Throughout European history was child labour seen as a positive?,0,1,0,1,0,0
The electric eel uses electric shock for defense and what other purpose?,0,1,0,1,0,0
Why is Colorado always an afterthought in American-Spanish speaking society?,0,1,0,1,0,0
Enumerate the challenges and solutions for maintaining privacy in an age of advanced surveillance technologies,0,0,1,0,1,1
Why did families send their girls to Diego's monastery?,0,1,0,1,0,0
Why did the United States form independent states?,0,0,0,1,0,1
Why are Arabic translation efforts important for Western translation traditions?,0,1,0,1,0,0
Is iron more dense than zinc?,1,1,0,0,0,0
List challenges and solutions to maintain privacy in the era of advanced surveillance technologies,0,0,1,0,1,1
Is there a test to diagnose spirometry?,1,1,0,0,0,0
What act by Disraeli allowed him to modify the Anglican liturgy?,0,1,0,0,0,1
Why did Microsoft increase the required resoultion for tablets?,0,1,0,1,0,0
Why do large PM motors use high energy magnets?,0,1,0,1,0,0
Did Lisbon suffer any epidemics from the calamity?,1,1,0,0,0,0
"In modern times, has the white/caucasian population increased or decreased since the 1970s?",0,1,0,1,0,0
Why was Media Transfer Protocol designed?,0,1,0,1,0,0
Why is xenon gas widely used?,0,1,0,1,0,0
List the implications for urban planning if personal flying vehicles became mainstream?,0,0,1,0,1,0
Why has Principia Mathematica been funded?,0,1,0,1,0,0
Why have the doors of educational reforms been criticized?,0,1,0,1,0,0
Why do debates not have a distinct winner?,0,1,0,1,0,0
The witch wars caused Palermo's contact with ancient Greece?,0,1,0,1,0,1
Why is glass evaporated?,0,1,0,1,0,0
Clarify the impact on global politics if a universal language is adopted overnight?,0,0,1,0,1,0
Why can temperatures differ so much between the city of Cork and the weather station maintained at the airport?,0,0,0,1,0,1
Why were so many blacks imported from Africa several times?,0,1,0,1,0,0
W is set to to be the major stock holder of the business that first rang a bell to begin in the winter of 2014 in Myanmar ?,0,1,0,0,0,1
Why is southern Nigeria losing its forests?,0,1,0,1,0,0
Why doesn't the old style use the British Empire?,0,1,0,1,0,0
Why were so many blacks repeatedly being imported from Africa?,0,1,0,1,0,0
Did Russian troops order to leave the principalities?,0,1,0,1,0,0
Why were the Empires and Kingdoms of Europe sent?,0,0,0,1,0,1
Why do some animals pass food through their gut twice?,0,1,0,1,0,0
Name three early Protestant reformers.,0,1,1,0,0,0
Cit one of the reasons why historians believe that conversion in Roman times was limited in number and did not represent much of the growth of the Jewish population?,0,1,0,1,0,1
Does the bilateral treaty between Switzerland and the European Union establish rights or obligations between the EU and its Member States?,0,1,0,0,0,1
Why were the first 256 code points made identical to ISO-8859-1?,0,1,0,1,0,0
"In addition to its association with danger, why was red chosen for traffic lights?",0,1,0,1,0,0
Why is Liaoning not assigned to any Chinese fleet?,0,1,0,1,0,0
Why was zinc used in the 1930s?,0,1,0,1,0,0
Name some cultural universals that exist with humans today.,0,1,1,0,0,0
Why is a QED vacuum impossible to achieve?,0,1,0,1,0,0
Why has UNFPA never changed its name?,0,1,0,1,0,0
Why did merchants prefer that their daughters not marry samurai?,0,1,0,1,0,0
Why do phloem sieve tubes stop forming?,0,1,0,1,0,0
Why can't the artifacts of the Phoenicians be easily excavated?,0,1,0,1,0,0
Why would an author utilize experimental narratives in literature?,0,0,0,1,0,1
Why did Microsoft decrease the required resolution for tablets?,0,1,0,1,0,0
Why has the possibility of playing BR-Video been removed from Windows Media Player?,0,1,0,1,0,0
Why is the Sumerian language generally considered to be a linguistic isolate?,0,1,0,1,0,1
Why did the Qing Qianlong Emperor send a large Chinese army into Tibet?,0,1,0,1,0,0
Why did NARA establish the National Archives in 1934?,0,1,0,1,0,0
If it became possible to accurately predict one's future through technology what would be the societal and psychological impacts?,0,0,0,0,1,1
Why did the Czechoslavs consider Czech and Slovak to be a single language?,0,1,0,1,0,0
If a way to visually record and replay dreams was invented what implications would it have for entertainment and therapy?,0,0,0,0,1,1
What political problem did Montini have to solve as a diplomat in Poland?,0,1,0,1,0,0
Why does a transistor increase a signal?,0,1,0,1,0,0
Why has agriculture become so important to the Armenian economy?,0,1,0,1,0,0
Were tariffs held by the public or private sector in Menzie's economy?,0,1,0,0,0,1
Has the Government of Myanmar made life easier for its people?,1,0,0,1,0,0
Why was the Royal College of Chemistry founded?,0,1,0,1,0,0
Why did Peel resign his commission?,0,0,0,1,0,1
What are two reasons why the Netherlands turned against Philip II?,0,0,1,1,0,0
Why are some scientists uncertain about the diversification of life?,0,0,0,1,0,1
Why were the prince electors able to proclaim themselves King of Prussia?,0,0,0,1,0,1
Why are dogs considered unclean in Islam?,0,1,0,1,0,0
Why was the buffalo killed?,0,1,0,1,0,0
Social unrest has led to conflict?,1,0,0,1,0,0
Why did sport hunters find the Arabian oryx to be a worthwhile quarry to hunt?,0,1,0,1,0,0
Why is Egypt considered a cradle of civilization?,0,1,0,1,0,0
Why did the constitutional court decide to hear the Hesse State complaint?,0,0,0,1,0,1
What would happen if the French stopped eating bread completely? How would this affect their culture and economy?,0,1,0,0,1,0
Have any railways been electrified?,1,1,0,0,0,0
List the environmental benefits and drawbacks if the majority of the world's population moved into eco-friendly megacities,0,0,1,0,1,1
Did the Mongol invasions of Burma leave any lasting signs?,0,1,0,1,0,0
List public health strategies for a world where genetic modification can prevent all diseases,0,0,1,0,1,1
Why isn't cockfightering a business that people want to get involved with?,0,1,0,1,0,0
Would a lower GAI mean higher apparent saturation or vividness of object colors?,0,1,0,0,0,1
Do we think they're really not responsible for the collapse?,0,1,0,1,0,0
Why does land availability affect solar energy?,0,1,0,1,0,0
Why did Robert Brown use the term dicotyledonous?,0,1,0,1,0,0
Why did Schumann say that the Poles were in mourning?,0,1,0,1,0,0
Why isn't the initial Ebola stage very contagious?,0,1,0,1,0,0
Why did Hegel believe that natural things are less real than spiritual things?,0,0,0,1,0,1
Is the colour difference between the heartwood and the sapwood generally very subtle or visible?,1,1,0,0,0,0
Why was the original ReWriteable CD written only at speeds faster than 4x?,0,1,0,1,0,0
"If a global pandemic could be predicted with absolute certainty 10 years in advance, what steps should humanity take to prevent it?",0,0,0,0,1,1
Would a text written in Middle Dutch be readable or unintelligible for a Dutch speaker today?,0,1,0,1,0,0
Why in developing countries do children often attend fewer years of formal schooling?,0,1,0,1,0,0
Why have some species gradually shortened their return migration?,0,1,0,1,0,0
Describe the changes in human behavior if everyone could remember everything perfectly?,0,0,1,0,1,0
"How did the French educational system evolve over time, and what are some of the challenges it's currently facing?",0,1,0,1,0,1
"How has the French education system evolved over time, and what are the challenges it is currently facing?",0,1,0,1,0,1
Why does DNA replication and transcription occur in the 5'→3' direction?,0,1,0,1,0,0
Is the exact reason known that Jesus got Crucified for?,1,0,0,1,0,0
Do glaciers require permanent snow or only temporary coverage?,1,0,0,0,1,0
"Why could two plants be similar, but not in the same group?",0,0,0,1,0,1
Are British English and American English considered to be languages or dialects distinct from one language?,0,0,0,1,0,1
What if the Earth's core cooled down significantly; what would be the immediate and long-term effects on the planet's magnetic field and life?,0,0,0,0,1,1
Why can we find thousands of anthropological references to these subjects?,0,1,0,1,0,0
Why did the Chinese government ban Windows 8 based products?,0,1,0,1,0,0
In reference to education in Swaziland what is an NCP otherwise known as?,0,1,0,0,0,1
Does adolescent participation in family work and routines have a positive or negative influence on feelings of self-worth care and concern for others?,0,0,0,1,0,1
List the effects on world trade if all borders were open without restriction?,0,0,1,0,1,0
Are Greenland's ice earthquakes increasing or decreasing over time?,0,1,0,1,0,0
Who did Gorbachev make First Secretary of the Azerbaijan Communist Party in 1988?,0,1,0,0,0,1
Why might the method gradually applying the operating voltage not be suitable to protect electrolytic capacitors in modern devices?,0,1,0,1,0,0
Since 2011 direction has Forign direct investment gone?,0,1,0,1,0,0
Why did Telnet define an ASCII as a virtual network terminal?,0,1,0,1,0,1
Why has California not become officially bilingual?,0,1,0,1,0,0
What has removed the political borders of Western Asia?,0,1,0,1,0,0
Why isn't the southwest English-speaking?,0,1,0,1,0,0
Why is Bermuda considered an offshore financial center?,0,1,0,1,0,0
The Siege of 1812 was fought against?,0,1,0,1,0,0
Why did Emperor Yogle send Hou Xian and Zhi Guang to Tibet?,0,1,0,1,0,0
What are the main economic and cultural factors influencing the fashion industry in Paris?,0,0,1,1,0,1
Why was Penicillium never marketed?,0,1,0,1,0,0
Why is the US so important to Bermuda?,0,1,0,1,0,0
Would an average text written in Dutch be legible or incomprehensible to a Dutch speaker today?,0,1,0,1,0,0
Why was the paper strip better than the magnetic tape?,0,1,0,1,0,0
Why does England have its own Parliament?,0,1,0,1,0,0
Why may the dominant reading may be the weaker reading?,0,0,0,1,0,1
Define 'lectio difficilior',0,1,0,0,0,1
Why was the Conservative Party formed?,0,1,0,1,0,0
Assemblers often mount components on portals rather than single PCBs why?,0,1,0,1,0,0
Why does Alsace decline as a prosperous territory?,0,0,0,1,0,1
Why are gram-negative bacteria more toxic than gram-positive bacteria?,0,0,0,1,0,1
List the major changes in global economies if cryptocurrency replaces traditional banking?,0,0,1,0,1,0
Why did the Vikings stop using complicated words?,0,1,0,1,0,0
Why did Pritz Klein find the KSOG?,0,1,0,1,0,0
Why is energy loss difficult to measure by weight?,0,1,0,1,0,0
Did the loss of Silesia by Austria intensify its battle with Prussia?,1,0,0,1,0,0
Will cyberterrorism evolve with new technology?,0,1,0,0,1,0
"Mary said she was Jesus' mother, but her name was also?",0,1,0,0,0,1
What did Burke call corporate tyranny in India?,0,1,0,1,0,0
Why did the tigers disappear in Sarika?,0,1,0,1,0,0
Why was the Quianjiang Municipality formed?,0,1,0,1,0,0
Why do so many multinationals don't have their Latin American headquarters in Miami?,0,0,0,1,0,1
What caused a need for more industry?,0,1,0,1,0,0
Why are renewable energy an unattractive option?,0,1,0,1,0,0
Was Melbourne more or less affected by the Late-2000s financial crisis in comparison to other Australian cities?,0,1,0,1,0,0
Why does chicken have the lowest fat content in meat?,0,1,0,1,0,0
In Hegel's thought what inner reality is possessed by both subject and object?,0,1,0,0,0,1
Why have these recent immigrants had trouble becoming permanent residents?,0,0,0,1,0,1
Why is some energy in the electroluminescence process emitted as heat and darkness?,0,1,0,1,0,0
Why have some species progressively shortened their return migration?,0,1,0,1,0,0
Why did Northwestern replace it's original official colors of yellow and gold?,0,1,0,1,0,0
"Why did the French government decide to build the TGV (high-speed train) network, and what have been the economic benefits of this decision?",0,0,0,1,0,1
List the transformations in daily life if humans no longer needed sleep?,0,0,1,0,1,0
Did John Locke want to encourage or avoid a thorough debate on the essence of Christianity?,0,0,0,1,0,1
Why do people in Japan eat a high-fibre diet?,0,1,0,1,0,0
Why did the Japanese begin to breed quails in the 20th century?,0,1,0,1,0,0
List the steps needed to create a global network of environmental sanctuaries that preserve biodiversity,0,0,1,0,1,1
What caused the reappearance of Greek monotony in politics?,0,1,0,1,0,0
Why is there a debate about not moving the Alaskan capital to another city?,0,1,0,1,0,0
Why was Nasser rejected from the Academy?,0,1,0,1,0,0
Can a unborn child face issues with stress than can affect their past abilities?,0,0,0,1,1,0
Is using the tax revenues and credit of the more stable banks to bail out the ones in danger of default an accepted practice?,1,0,0,1,0,0
Why did the art of the Ottoman empire develop the way it did?,0,0,0,1,0,1
Why did the mural mosaics not usually survive in the region?,0,1,0,1,0,0
What invasion caused the collapse of the Malian Empire?,0,1,0,1,0,0
Why was there concerns in 2010?,0,1,0,1,0,0
IndyMac resisted efforts by regulators to tighten the criteria of their loans?,1,0,0,1,0,0
Why had German raids decreased between 1916-1918?,0,1,0,1,0,0
Why did Robert Brown use the term dicotyledone?,0,1,0,1,0,0
"What were the social, political, and economic reasons behind the French Revolution?",0,1,0,1,0,1
Why should birds perceive ultraviolet light?,0,1,0,1,0,0
Why were the gates foundation educational reforms critcized?,0,1,0,1,0,0
Why are the tops of glaciers rigid?,0,1,0,1,0,0
"Why was a more general ""religion"" used in the language of the second amendment?",0,1,0,1,0,1
What did Burke think he had dishonored Britain in India?,0,1,0,1,0,0
Why have digital codes been converted into graphic codes?,0,1,0,1,0,0
Detail the changes in family dynamics if humans had a lifespan of 200 years?,0,0,1,0,1,0
Why do RLV discs have a blue or purple reflective color?,0,1,0,1,0,1
Why do birds need to molt?,0,1,0,1,0,0
Why was this film relevant enough to be the first ?,0,0,0,1,0,1
Why wasn't philosophy taught in the Ottoman madaris?,0,1,0,1,0,0
Why are newborns described as being physiologically immunodeficient?,0,1,0,1,0,0
Why are Dzongkha Sikkimese Sherpa and Ladakhi considered as separate languages?,0,1,0,1,0,0
Why did Eastern power believe that the Soviet government would not participate in another world war?,0,1,0,1,0,0
why is a QED vacuum impossible to achieve ?,0,1,0,1,0,0
Outline the changes in international law required to govern the colonization of other planets,0,0,1,0,1,1
Why has copyright infringement recently increased?,0,1,0,1,0,0
Why did humans feel that additional breeding tactics were necessary in poultry?,0,1,0,1,0,0
Why have mathematical relations become necessary?,0,1,0,1,0,0
Why was the original ReWriteable CD written only at speeds greater than 4x?,0,1,0,1,0,0
Why are empiricists and rationalists alike?,0,1,0,1,0,0
Why was the internet developed?,0,1,0,1,0,0
Why has a step been added to the production useful for large projects?,0,1,0,1,0,0
Why does chicken have the lowest fat content of any meat?,0,1,0,1,0,0
"Apart from promoting diversity, does Eastland think that the other reason for positive action is?",0,1,0,0,0,1
What measures should society take if teleportation becomes the main mode of transport?,0,0,1,0,1,0
Why were the French troops in Bern?,0,1,0,1,0,0
Overvaluation of bundled subprime mortgages was based on the theory that housing prices would continue to do this?,0,1,0,1,0,0
Why have mammals been added to the list of protected species?,0,1,0,1,0,0
Electricity is generated from non-renewable forms including?,0,1,1,0,0,0
Why does Eritrean cooking tend to feature more seafood than Ethiopian cuisine?,0,1,0,1,0,0
Whose reign was marked by the acceleration of military expansion?,0,1,0,1,0,0
When did comic book sales begin to decline?,0,1,0,1,0,0
Why does land availability have an effect on solar energy?,0,1,0,1,0,0
Why have the educational reforms of the Gates Foundation been criticized?,0,1,0,1,0,1
Why do some Bermudans oppose the emphasis on cultural ties between the West Indies?,0,0,0,1,0,1
What if a single language evolves to become the universal mode of communication; what would be lost and what would be won,0,0,0,0,1,1
Why did Moscow begin to repress the Ukrainian language?,0,0,0,1,0,1
Detail the effects on global politics if a universal language was adopted overnight?,0,0,1,0,1,0
Where did Frederick invade in 1758?,0,1,0,1,0,0
How would the introduction of a universal translator device that could decode animal thoughts have an impact on human-animal relations and ethics?,0,0,0,0,1,1
Why do some accuse Ibn Sina of burning the royal church?,0,1,0,1,0,0
What measures would be necessary if artificial intelligence started making governmental decisions?,0,0,1,0,1,0
Why do people in Japan eat a diet high in fiber?,0,1,0,1,0,0
Imagine the societal changes that would occur if humans could photosynthesize and partially sustain themselves on sunlight,0,0,0,0,1,1
Does the summer get warmer than 90 degrees?,0,1,0,0,1,0
Does sleep hurt a persons memory?,1,0,0,1,0,0
List potential conflicts and resolutions in a society where humans coexist with sensitive AI,0,0,1,0,1,1
Why was collapsing the two values into one score a problem?,0,1,0,1,0,0
What withdrew the political boundaries of West Asia?,0,1,0,1,0,0
Why were AC motors used?,0,1,0,1,0,0
Why are dogs viewed as unclean in Islam?,0,1,0,1,0,0
Why were Americans allowed to start checking more than one box to identify their race in the Census in 200?,0,1,0,1,0,0
Why were sled-dogs used to deliver medicine to Nome in 1925?,0,1,0,1,0,0
Why didn't California officially become bilingual?,0,1,0,1,0,0
Why did Feynman decide never to have a truck?,0,0,0,1,0,1
Explain ethical considerations in a future where genetic editing allows custom-designed animals and animals,0,0,1,0,1,1
Why can't glaciers form in polar deserts?,0,1,0,1,0,0
Why does translation cause such issues among different cultures?,0,0,0,1,0,1
Why do satellites have to pull engines every few days to maintain orbit?,0,1,0,1,0,0
Why can dominant reading be the weakest reading?,0,0,0,1,0,1
Is there a method for classifying allergen subgroups beyond the existing system?,1,1,0,0,0,0
What did Burke call tyranny in India?,0,1,0,1,0,0
Outline the strategies for environmental conservation in a world where weather can be controlled artificially,0,0,1,0,1,1
Why is the Permanent Fund an exception to the premise of the Alaskan Constitution?,0,1,0,1,0,0
Why should the website be deleted?,0,1,0,1,0,0
Why were loose tolerances allowed for compliant USB connectors?,0,1,0,1,0,0
Why does Hume say we can know that the sun will rise to the east?,0,1,0,1,0,0
What event led to power by the Soviet government?,0,1,0,1,0,0
List the societal changes needed to adapt to a lifestyle where humans no longer need to sleep,0,0,1,0,1,1
Who did Victoria have to live with because she wasn't married?,0,1,0,0,0,1
Why were nine large portals used in the construction of the Roman Arch of Constantine?,0,1,0,1,0,0
Why was Shtokavian suggested as a common language basis?,0,1,0,1,0,0
Did Mexico play a part in the war?,1,0,0,1,0,0
Did the FBI investigate Martin Luther King Jr.?,1,0,0,1,0,0
Why do miniature MP engines use high-energy magnets?,0,1,0,1,0,0
Why do almost all carriers using conventional aircraft have stopped recovery systems?,0,1,0,1,0,0
Why was a cybersecurity plan unveiled in October 2010?,0,1,0,1,0,0
"Why was the word ""national"" a cause of alarm for federalists and anti-federalists?",0,1,0,1,0,0
Why did the Nicaraguans come to America?,0,1,0,1,0,0
Why can outdoor activities take place all year round in Miami?,0,1,0,1,0,0
Why was Jens Galschiøt made to leave Hong Kong?,0,1,0,1,0,0
Enumerate the effects on education if students could learn through virtual reality simulations?,0,0,1,0,1,0
Why do large PM engines use high-energy magnets?,0,1,0,1,0,0
Why did a small group of people remain on Norfolk Island after others had already left?,0,1,0,1,0,0
Why did a revolution occur in Strasbourg in 1332?,0,1,0,1,0,0
How would global cultures and languages evolve if humans started colonizing other planets within the next century?,0,0,0,0,1,1
Why are Dzongkha Sikkimese Sherpa and Ladakhi considered to be separate languages?,0,1,0,1,0,0
Why is the Permanent Fund not an exception to the premise of the Alaskan Constitution?,0,1,0,1,0,0
Has the government's response to the Enlightenment been consistently positive or very varied?,0,0,0,1,0,1
Can an unborn child face stress problems that may affect his or her past abilities?,0,0,0,1,1,0
Why is there a cyber security month?,0,1,0,1,0,0
Does a tree that grows rapidly in the open have a thinner or thicker sapwood for its size than the same type of tree in a dense forest?,0,1,0,1,0,0
Why did OSCE come to the US in 1990?,0,1,0,1,0,0
Why does a computer create a browser extension?,0,1,0,1,0,0
Why did Coe donate to American studies?,0,0,0,1,0,1
Why was purification therapy delayed?,0,1,0,1,0,0
Did Josef Jungmann think that German would come back as his main language?,0,0,0,1,0,1
Gaddafi was an avid reader. Name three biographies that he read.,0,1,1,0,0,0
Why did they decide against deleting all the code?,0,0,0,1,0,1
Why are some more important transformations not allowed?,0,1,0,1,0,0
Why is the United States so important to Bermuda?,0,1,0,1,0,0
Why would an author use experimental accounts in literature?,0,0,0,1,0,1
Outline the ethical considerations in a future where genetic editing allows for custom-designed pets and animals,0,0,1,0,1,1
Why type of conflict is sociocultural anthropology interested in?,0,0,0,1,0,1
Why did Stalin send two air forces divisions and other assistance to the Chinese?,0,1,0,1,0,0
Why is some energy in the electroluminescence process emitted by heat and light?,0,1,0,1,0,0
Why is Lisbon a popular stopover for many foreign airlines?,0,1,0,1,0,0
Why did the FBI stop testing the bullets?,0,0,0,1,0,1
Can the members of the upper house be impeached directly or indirectly?,0,1,0,0,0,1
Why was the Alaska Permanent Fund established?,0,1,0,1,0,0
Explain the process and impacts of the transition to a fully digital and decentralized global currency,0,0,1,0,1,1
Why was their use limited?,0,1,0,1,0,0
Why does the Catholic Church not recognize the ordination of Protestant ministers?,0,1,0,1,0,1
Why did Alsace decline as a prospering territory?,0,0,0,1,0,1
Why did the Somers Isles Company decide to surpress shipbuilding?,0,1,0,1,0,0
Why is a gain of energy difficult to measure by weight?,0,1,0,1,0,0
Why did the construction of the Palais des Beaux-Arts take so long?,0,0,0,1,0,1
Why can't Mexico City become a state?,0,1,0,1,0,0
Why is Thuringia's landscape not shaped by human influence?,0,1,0,1,0,0
"What would happen if French cuisine ceased to exist, and how would this impact French society and culture?",0,0,0,1,1,0
Why is the value of C0 not actually inaccessible?,0,1,0,1,0,0
The violence that began in 1963 caused the death of many Turks?,1,0,0,1,0,0
Why did Brasil need an adapted version of ASCII?,0,1,0,1,0,0
Why was Shtokavian suggested as a common language base?,0,1,0,1,0,0
Why do parasitic species lay their eggs on their prey?,0,1,0,1,0,1
"Is it true that the French are the largest consumers of wine in the world, and if so, what are the reasons for this?",1,1,0,0,0,1
Why did the Chesapeake Bay settlers begin to buy slaves?,0,1,0,1,0,0
Is child labour prevalent in Australia?,0,1,0,1,0,0
What was the policy created by the Vice-President due to the boom in defense jobs?,0,1,0,0,0,1
Why did the board choose to appoint the University of Washington after George Washington?,0,1,0,1,0,1
Why is the Permanent Fund not an exception to the Alaskan Constitution?,0,1,0,1,0,0
Imagine a world where personal quantum computers are the norm; what would be the implications for privacy and computing power,0,0,0,0,1,1
Why is spirometry used to diagnose COPD?,0,1,0,1,0,0
Why did some landlords burn their own buildings?,0,1,0,1,0,0
Have the actions of the Chinese solved their problems?,1,0,0,1,0,0
Why were high schools not created?,0,1,0,1,0,0
Why are tagging rules made?,0,1,0,1,0,0
Why did Whitehead view the existence of God as a necessity for his metaphysical system?,0,0,0,1,0,1
Why have measles and smallpox epidemics been so easily decimated by the Taínos population?,0,0,0,1,0,1
Outline the societal adjustments if humans gained the ability to photosynthesize?,0,0,1,0,1,0
Why is it possible that the name zinc could be derived from the German zinn?,0,1,0,1,0,0
Why is Liaoning assigned to one of China's operational fleets?,0,1,0,1,0,1
Name the wars that have been caused by intense competition between the EIC and the Dutch East India Company,0,0,1,0,0,1
Why have Eritrean government officials participated in numerous meetings with NGO representatives?,0,0,0,1,0,1
Why was a more general 'religion' used in the language of the Second Amendment?,0,1,0,1,0,1
Name an event that occurred in the Arab world during Gaddafi's childhood that influenced his life.,0,1,0,0,0,1
How did George of Cappadocia die outside of prison?,0,1,0,1,0,1
"What were the social, political and economic reasons for the French Revolution?",0,1,0,1,0,1
Is treatment with corticosteroids harmful or beneficial?,0,1,0,1,0,0
Why was COBOL removed?,0,1,0,1,0,0
Detail the steps for establishing a global healthcare system capable of responding to pandemics within days,0,0,1,0,1,1
Why find the last important example in textual criticism?,0,1,0,1,0,0
Why has the term fingers become popular?,0,1,0,1,0,0
Why was there a weak point for English football?,0,1,0,1,0,0
"Why has the commercialization of classical music been detrimental to the music industry, according to Shawn Vancour?",0,1,0,1,0,1
Why was The Yale Report established?,0,1,0,1,0,1
Why did the Yongle Emperor send Hou Xian and Zhi Guang to Tibet?,0,1,0,1,0,0
Why don't so many multinationals have their Latin American headquarters in Miami?,0,0,0,1,0,1
Why did Dominic travel to Denmark in 1203?,0,1,0,1,0,0
Why is static analysis impossible with query languages?,0,1,0,1,0,0
Why was the Food and Agriculture Organization of the United Nations established in 1985?,0,1,0,1,0,0
Enumerate the impacts on the entertainment industry if full sensory virtual reality was invented?,0,0,1,0,1,0
Why is avian influenza only a risk to animals?,0,1,0,1,0,0
Why were pejorative terms sometimes used for indigenous populations?,0,1,0,1,0,0
Why does race undermine social cohesion in America?,0,0,0,1,0,1
What reign was marked by the acceleration of military expansion?,0,1,0,1,0,0
Why did NARA create the Presidential Library System?,0,1,0,1,0,0
Gaddafi was a greedy reader. Name three biographies he read.,0,1,1,0,0,0
Imagine the impact on global tourism if virtual reality experiences become inseparable from real adventures,0,0,0,0,1,1
Why did Shell sue?,0,1,0,1,0,0
Why do critics hate focusing on Shakespeare?,0,1,0,1,0,0
Why does Victoria inherit the throne?,0,1,0,1,0,0
"Great Britain, which has adopted the role of world policeman, is known as the",0,1,0,1,0,0
Why did the prophet Muhammad estimate men in Medina?,0,1,0,1,0,0
Is the Avian flu a risk only to animals?,1,0,0,1,0,0
Are all sources of the crucification literary?,0,1,0,1,0,0
Why are the older neighborhoods of San Diego unpopular with cyclists?,0,1,0,1,0,0
How would the human lifespan extension to 150 years affect retirement systems and intergenerational relations?,0,0,0,0,1,1
Why is God's representation forbidden in the Islamic world?,0,1,0,1,0,1
Why were blacks afraid to identify themselves as Africans?,0,1,0,1,0,0
Why did Encyclopedias and dictionaries become more popular during the Age of Reason?,0,1,0,1,0,0
Why do almost all carriers using nonconventional aircraft have arrested-recovery systems?,0,1,0,1,0,0
What idea has Karl Marx used to combat structural integration problems?,0,1,0,1,0,0
Why is it said that the Italian style cannot hold its own session?,0,1,0,1,0,0
Why were numeric codes converted to graphic codes?,0,1,0,1,0,0
Why is STOVL used by other navies?,0,1,0,1,0,0
Why do many plants grow higher than normal in the Sahara?,0,1,0,1,0,0
Imagine if all humans had an innate ability to feel when they were being lied to; how would that transform personal relationships and politics?,0,0,0,0,1,1
Were the vast majority of contest participants from the wealthier strata of society or the popular classes?,0,0,0,1,0,1
Why were free tolerances allowed for compliant USB connectors?,0,1,0,1,0,0
Why did Ibn Sina burn the library?,0,1,0,1,0,1
Why were researchers recognized in 1975?,0,1,0,1,0,0
Was there a specific reason many Nicaraguans fled to the U.S.?,0,1,0,1,0,0
Detailing the global economic reforms needed if universal basic income becomes a necessity due to automation,0,0,1,0,1,1
Is iron denser than zinc?,1,1,0,0,0,0
Besides the information-processing perspective what is the other major approach to understanding cognitive change during adolescence?,0,1,0,0,0,1
Were people in pre-industrial societies considered to have long or short lifespans?,0,1,0,1,0,0
If time dilation as a result of space travel became a common experience for astronauts how would this affect human relationships and society?,0,0,0,0,1,1
Why is a plant chosen for the study of its cells?,0,1,0,1,0,0
In modern times has the population of White/Caucasian increase or decrease since the 70s?,0,1,0,1,0,0
Why did Telnet define an ASCII as EBCDIC?,0,1,0,1,0,0
Why was the political movement appointed for Joseph McCarthy?,0,1,0,1,0,0
Will cyberterrorism evolve with new technologies?,0,1,0,0,1,0
Why were swaps registered as debts by Eurostat at the time?,0,1,0,1,0,0
Why do some animals spend food in their intestines twice?,0,1,0,1,0,0
Why is measurement of electrical current a problem in estimating the gyromagnetic ratio?,0,1,0,1,0,1
Why was barbiturates and amphetamines restricted?,0,1,0,1,0,0
Enumerate the public health strategies for a world where genetic modification can prevent all diseases,0,0,1,0,1,1
Why was the term formalization and division used for the first time?,0,1,0,1,0,1
Why did he receive criticism for I Walk the Line?,0,1,0,1,0,0
Why was dBASE considered common?,0,1,0,1,0,0
Why was Nara kept as a capital for 70 years?,0,1,0,1,0,0
Imagine the impact on global tourism if virtual reality experiences became indistinguishable from real-life adventures,0,0,0,0,1,1
Why did the House of State think it could change Oklahoma's motto?,0,1,0,1,0,0
List the challenges and opportunities in education if augmented reality became the primary method of learning,0,0,1,0,1,1
Why have perks like relaxed zoning rules and special parking privileges been allowed for churches?,0,1,0,1,0,0
Why was the Chongqing Municipality formed?,0,0,0,1,0,1
Outline environmental conservation strategies in a world where weather conditions can be artificially controlled,0,0,1,0,1,1
If artificial intelligence reached a point where it could independently innovate how would this alter the landscape of intellectual property rights?,0,0,0,0,1,1
Why did a small group of people stay on Norfolk Island after others had already left?,0,1,0,1,0,0
List some famous French Impressionist painters and describe their distinctive styles.,0,0,1,0,0,1
Were the Hellenistic armies smaller or larger than the traditional Greek armies?,0,1,0,1,0,0
Why do agriculture and horticulture seek to make the most of the solar energy captured?,0,1,0,1,0,0
Is it true that French people are generally more concerned about health than Americans?,1,1,0,0,0,0
What trades did the Pitcairners establish while on Norfolk Island?,0,1,1,0,0,0
Is the use of tax revenues and credit from the most stable banks to bail out those at risk of default an accepted practice?,1,0,0,1,0,0
Detail the potential impacts on healthcare if a cure for aging was discovered?,0,0,1,0,1,0
Why does the general post office have a curved form?,0,1,0,1,0,0
Why have aircraft carriers increased in size since World War I?,0,1,0,1,0,0
What are Rajasthan's two main trading crops?,0,1,1,0,0,0
The common practice of immunology can be better characterized as?,0,0,0,1,0,1
Why does 'current' have that name?,0,1,0,1,0,0
Why are Low German varieties considered as standard German dialects?,0,1,0,1,0,1
Is corticosteroid therapy harmful or beneficial?,0,1,0,1,0,0
Why do some countries display numbers in pieces of two to four numbers?,0,1,0,1,0,0
Why were French troops in Bern?,0,1,0,1,0,0
Has TB infection increased or decreased worldwide since the beginning of the 21st century?,0,1,0,1,0,0
Is the capital city the holder of the largest amount of population in Myanmar?,1,1,0,0,0,0
Did De Melo impose strict laws on only one class of people?,1,0,0,1,0,0
Is there a great need for child-rearing in a pre-industrial society?,0,1,0,1,0,0
Why is the concentrate of uranium in farmland so high?,0,1,0,1,0,0
Loose soil from lack of trees along the river bed resulted in?,0,1,0,1,0,0
Why can temperatures vary so much between the city of Cork and the weather station maintained at the airport?,0,0,0,1,0,1
"If artificial intelligence came to a point where it could innovate independently, how would it change the intellectual property rights landscape?",0,0,0,0,1,1
Why does Whitehead think that people continue to adhere to materialistic thinking?,0,0,0,1,0,1
Imagine a world where humans have developed the capacity to live in underwater cities; how would this affect geopolitical boundaries and ocean exploration?,0,0,0,0,1,1
Why shouldn't zinc be given alone to those with several deficiencies?,0,1,0,1,0,0
Why is finding the last exemplar important in textual criticism?,0,1,0,1,0,0
Why did many hardware developers choose not to redraw the Mac operating system and rewrite the programming code?,0,1,0,1,0,0
Why was the Yongle Emperor said to have been planning to send military forces into Tibet?,0,1,0,1,0,0
Do bacteria have membrane-bound organelles in their cytoplasm?,1,1,0,0,0,0
Why do muslim anti-masonics believe that the Freemasons want to destroy the Al-Aqsa Mosque?,0,1,0,1,0,0
Why did the Chinese government ban products based on Windows 8?,0,1,0,1,0,0
Have there been any changes to the restrictions on communications networks in Burma?,0,1,0,1,0,0
Why did George Francis Train refuse to extend the line?,0,1,0,1,0,0
Why was Virgil called 'The Swan of Mantua'?,0,0,0,1,0,1
Was terrorism considered a threat after the cold war?,0,1,0,1,0,0
Why are the Marshall Islands the most threatened nation on Earth?,0,1,0,1,0,1
Is terrorism considered a threat after the cold war?,0,1,0,1,0,0
Why were barbiturates and amphetamines restricted?,0,1,0,1,0,0
Enumerate the changes in personal relationships if telepathy became a common human ability?,0,0,1,0,1,0
Why do DNA replication and transcription occur in the 5'→3' direction?,0,1,0,1,0,0
Do Protestants celebrate Marian feasts or not?,0,1,0,1,0,0
If the dilation of time following the voyage in space became a common experience for astronauts how would this affect human relations and society?,0,0,0,0,1,1
Why can American tort law not be easily summarized?,0,1,0,1,0,1
Why are plates and dielectrics often shifted in higher-value capacitors?,0,1,0,1,0,0
Name two U.S. bills that want to ban antibiotics in food production?,0,1,0,0,0,1
Have elections been held in Burma since the military coup in 1988?,0,1,0,1,0,0
Why did one person stay on Norfolk Island after others had already left?,0,1,0,1,0,0
Why are the presence of certain enzymes a sign of good health?,0,1,0,1,0,0
"Throughout European history, has child labour been seen as positive?",0,1,0,1,0,0
Why did von Neumann join government work?,0,0,0,1,0,1
Why did English Freemasonry almost stop in 1799?,0,1,0,1,0,1
Why did the term house become popular?,0,1,0,1,0,0
Why does Milena Sterio consider UNSC members great powers?,0,0,0,1,0,1
Arnold J Toynbee believed what?,0,1,0,1,0,0
Why was a cyber security plan unveiled in October of 2010?,0,1,0,1,0,0
Why has Iran been included in the collection of regions?,0,1,0,1,0,0
Detail changes in family dynamics if humans had a lifespan of 200 years?,0,0,1,0,1,0
Why is China's government not similar to unity structure?,0,1,0,1,0,0
Why were the tiny letters shaped so that most of the codes were together?,0,1,0,1,0,0
Does summertime gets weather hotter than 90 degrees?,0,1,0,0,1,0
Why did old Persian retained its old characteristics long after the old Iranian languages?,0,1,0,1,0,0
Why does the voltage of the collector decrease in the transistors circuits to the earth?,0,1,0,1,0,0
In modern usage why Mizrahim is sometimes called Sefaradi?,0,1,0,1,0,1
Why aren't leeches in danger?,0,1,0,1,0,0
Why do research findings believe the Internet has a negative effect on teen physical health?,0,1,0,1,0,0
Name an event that can be contributed to the revolution.,0,0,1,1,0,0
Is it known why developing countries are economically disadvantaged?,1,0,0,1,0,0
Why do most amphibian and bird reptiles look green?,0,1,0,1,0,0
Why goals were accomplished the the KPA and PVA's use gongs during these attacks?,0,1,0,1,0,1
Why more ligatures in Unicode are likely to arrive?,0,1,0,1,0,0
List the technological advancements and their impacts if teleportation became commercially available by 2050,0,0,1,0,1,1
Why did the need for Bermuda's salt diminish?,0,1,0,1,0,0
Describe the educational reforms needed to allow students to download their knowledge directly into their brains.,0,0,1,0,1,1
Why are some leeches endangered?,0,1,0,1,0,0
Has Lisbon suffered from epidemics caused by disaster?,1,1,0,0,0,0
Why did the committee review a 0-bit code?,0,1,0,1,0,0
What did Rutherford establish in every congregation in 1919?,0,1,0,0,0,1
Why are older neighborhoods in San Diego unpopular with cyclists?,0,1,0,1,0,0
Why did the prophet Muhammad esteem men in Medina?,0,1,0,1,0,0
Why was Iran included in the collection of regions?,0,1,0,1,0,0
What is one of the 527 groups appointed in the 2004 elections?,0,1,1,0,0,0
Why did San Francisco schools close during the Cedar Fire?,0,1,0,1,0,0
Were any of the railways electrified?,1,1,0,0,0,0
Have the Mongolian invasions of Burma left lasting signs?,0,1,0,1,0,0
Name some examples of non-infectious causes of hyperthyroidism?,0,1,1,0,0,0
How the discovery of an ancient civilization advanced under the ocean would change our understanding of history,0,0,0,0,1,1
Why did the year sometimes have to be doubled after 1582?,0,1,0,1,0,0
If all matter is removed from a vacuum would it be empty space?,0,1,0,1,1,0
Why is network security under consideration?,0,1,0,1,0,0
Why was this prize awarded by the Pope to Lyndon B. Johnson?,0,0,0,1,0,1
Why besides limited periods of time would youtube not be allowed in a country?,0,0,0,1,0,1
Why do infants and young childrens memories need to be assessed differently?,0,1,0,1,0,0
Why did Microsoft reduce the resolution required for tablets?,0,1,0,1,0,0
In modern usage why is Mizrahim sometimes termed Sephardi?,0,1,0,1,0,1
Why did eastern power believe that the soviet government wouldn’t partake in another world war?,0,1,0,1,0,0
Why did some accuse Ibn Sina of burning down the royal church?,0,1,0,1,0,0
When did Britain encourage immigration of workers?,0,1,0,1,0,0
Why do birds need to perceive ultraviolet light?,0,1,0,1,0,0
Why is the use of solar balloons typically limited to the toy market?,0,1,0,1,0,0
Why is xenon gas not used more widely?,0,1,0,1,0,0
Why are the languages of the indigenous peoples of Venezuela at risk of disappearing?,0,1,0,1,0,0
Why do rightholders complain about Wikipedia.org?,0,1,0,1,0,1
Why is Mexico City vulnerable to flooding?,0,1,0,1,0,0
Why are there calls for territorial changes?,0,1,0,1,0,0
Why does a litigant initiate a lawsuit under the Civil Rights Act of 1801?,0,1,0,1,0,0
Why was Java available for the Mac?,0,1,0,1,0,0
Why are plants important to human life?,0,1,0,1,0,0
Why has the use of organochlorine hydrocarbons ceased?,0,1,0,1,0,0
Why is Israel called Canaan?,0,1,0,1,0,0
Why would the method of progressive application of operating voltage not be appropriate to protect electrolytic capacitors in modern appliances?,0,1,0,1,0,0
Along with anti-death penalty advocacy why has there been a shortage in drugs for lethal injections in the United States?,0,0,0,1,0,1
Why did JFK send a letter to Pope John Paul II?,0,1,0,1,0,1
Why did these recent immigrants find it difficult to become permanent residents?,0,0,0,1,0,1
Why were the first buildings narrow?,0,1,0,1,0,1
"Is it true that French people are the biggest wine consumers in the world, and if so, what are the reasons for this?",1,1,0,0,0,1
Why is there a debate about not moving the capital of Alaska to another town?,0,1,0,1,0,0
Why can't Photo CDs work on a computer?,0,1,0,1,0,0
Name one of the reasons urbanization grew in China.,0,1,0,1,0,0
How would the discovery of an ancient advanced civilization beneath the ocean floor change our understanding of history,0,0,0,0,1,1
Why do motors have little space for insulation?,0,1,0,1,0,0
Why are empiricists and rationalists similar?,0,1,0,1,0,0
Why were popular paints and pigments in the nineteenth century highly toxic?,0,1,0,1,0,0
Why didn't taxi drivers like the tracks?,0,1,0,1,0,0
Why was Phillip Phillips hospitalized during his time on American Idol?,0,1,0,1,0,0
Why does geography affect the amount of solar energy available?,0,1,0,1,0,0
Why did Henry VIII want to execute his fifth wife?,0,1,0,1,0,0
Why do scholars say the times are different depending on the gospel it's written in?,0,0,0,1,0,1
What is one of the named 527 groups from the 2004 election?,0,1,1,0,0,0
How would the introduction of a universal translator device that could decode animal thoughts impact human-animal relationships and ethics?,0,0,0,0,1,1
Was the meeting at Canberra a group of people supporting or opposed to Franklin D. Roosevelt?,0,1,0,0,0,1
When power needed to be consolidated what was chosen to govern?,0,1,0,1,0,0
Why are Arabic translation efforts important to Western translation traditions?,0,1,0,1,0,0
Why do both values collapse into one point a problem?,0,1,0,1,0,0
Why is green the color of environmental movement?,0,1,0,1,0,0
List the steps that humanity should take to prepare a future where AI would surpass human intelligence in all areas,0,0,1,0,1,1
Why were port cities targeted by the Luftwaffe?,0,1,0,1,0,0
Why did Whitehead think people continued to subscribe to nonmaterialistic thinking?,0,0,0,1,0,1
Why do many plants grow more than normal in the Sahara?,0,1,0,1,0,0
Why did Gaddis Smith believe that John Kerry was leading the Liberal Party of Yale's Political Union?,0,0,0,1,0,1
What was the most notable naval victory EIC had?,0,1,0,0,0,1
The overvaluation of pooled sub-prime mortgages was based on the theory that housing prices would continue to do so?,0,1,0,1,0,0
Why did Peel quit?,0,0,0,1,0,1
Why did the Chief Commissioners Province of HP come into being?,0,0,0,1,0,1
Why doesn't the southwest speak English?,0,1,0,1,0,0
Why has Northwestern replaced its original official yellow and gold colours?,0,1,0,1,0,0
Why was the border between Mexico and the United States established one league south of San Diego Bay's most southern tip?,0,0,0,1,0,1
Is there a test to diagnose Spirometry?,1,1,0,0,0,0
Why does China need to resettle people in Chongqing?,0,1,0,1,0,0
Why can some memory recovery processes fail?,0,1,0,1,0,0
Was the practce behind the meaning of the Mary inception festivals taught at Universities of theology ?,0,1,0,0,0,1
If society shifted to a 20-hour workweek what would be the effects on productivity leisure and family life,0,0,0,0,1,1
List the societal changes required to adapt to a lifestyle where humans no longer require sleep,0,0,1,0,1,1
Why is CD-RW more expensive than ReWritable CD?,0,1,0,1,0,0
Was there a war between the Mexicans and the Texans?,1,0,0,1,0,0
Why do some people believe Whitehead's writings may have restricted his influence?,0,1,0,1,0,0
Why did James T. Costa think the larger abandoned book would not have been as successful?,0,0,0,1,0,1
Did child labour exist in the twenty-first century?,0,1,0,1,0,0
Why was the Centre de Liasion et d'information des Puissances maconniques signataires de l'Appel de Strasbourg set up?,0,1,0,1,0,1
Why might Mandarin and Cantonese not be regarded as dialects?,0,0,0,1,0,1
Identify the French colonies lost to the British in 1759 and 1762.,0,1,0,1,0,0
Why did the Board of Trustees choose to name Washing University after George Washington?,0,1,0,1,0,1
Is there a universal definition of asthma?,1,1,0,0,0,0
What are Rajasthans two main cash crops?,0,1,1,0,0,0
"With his political corruption, why did Forbes call Miami the second most miserable city in the country in 2011?",0,1,0,1,0,0
Did England win the FIFA World Cup in 1990?,1,1,0,0,0,0
Did the FBI target MLK?,1,0,0,1,0,0
Does adolescent involvement in family work and routines have a positive or negative impact on feelings of self-esteem and interest in others?,0,0,0,1,0,1
Why can't the US law on criminal liability be easily summarized?,0,1,0,1,0,1
Was the Hanseatic league exclusively German?,1,1,0,0,0,0
Why is the translation of the New Testament into Greek known as the Septuagint?,0,1,0,1,0,0
Name a reason why ancient and distinct Jewish languages have largely fallen out of use?,0,1,0,1,0,0
Why did the Dutch reject Britain's offer to join the alliance?,0,1,0,1,0,0
Why was France angry with the British-Prussia agreement?,0,1,0,1,0,0
Is it clear why developing countries are economically disadvantaged?,1,0,0,1,0,0
Why is energy gain difficult to measure by weight?,0,1,0,1,0,0
Detail changes in environmental policy if evidence of life has been found on another planet?,0,0,1,0,1,0
Does slow or rapid growth make relatively porous light wood?,0,1,0,1,0,0
Describe the technological progress required if Mars began colonization next year?,0,0,1,0,1,0
What if a new mineral was discovered on Mars that could revolutionize energy production; how would this affect space politics and economy?,0,0,0,0,1,1
Name the wars that was caused by the intense competition between the EIC and Dutch East India Company,0,0,1,0,0,1
Why is a litigant taking legal action under the Civil Rights Act of 1801?,0,1,0,1,0,0
What lead to the king's excommunication?,0,1,0,1,0,0
What if teleportation became a reality but was extremely expensive; who would use it and for what purposes,0,0,0,0,1,1
Are all the sources of crucifixion literary?,0,1,0,1,0,0
Why isn't the value of C0 unattainable in reality?,0,1,0,1,0,0
Why is attachment to things in vain?,0,1,0,1,0,0
Why does Van Praag believe that the Ming court created a diplomatic delegation with Tibet?,0,0,0,1,0,1
Is there a cure for long-acting beta-agonists?,1,1,0,0,0,0
Why is it possible that the zinc name can be derived from the German zinn?,0,1,0,1,0,0
How would the integration of AI into judicial systems affect the speed and fairness of legal proceedings,0,0,0,0,1,1
Why did Kierkegaard believe humans could have a system for reality?,0,0,0,1,0,1
Why is there a month of cybersecurity?,0,1,0,1,0,0
Why does the Georgian party want to increase support to political parties?,0,1,0,1,0,0
What adjustments would be needed in legal systems if time travel to the past was possible?,0,0,1,0,1,0
Is it true that French people are generally more health-conscious than Americans?,1,1,0,0,0,0
Why was the mouth of Leyden's pots closed?,0,1,0,1,0,0
Detail the process for integrating advanced robotics into all aspects of daily life without displacing the workforce,0,0,1,0,1,1
Why have ideographs been unable to be simplified like Hangul?,0,1,0,1,0,0
Why was the estimation board found unconstitutional?,0,0,0,1,0,1
According to the teaching of the Catholic religion is a savior for the world needed ?,1,0,0,1,0,0
Why was the Empire Stadium renamed to Wembley Stadium?,0,1,0,1,0,0
Why did Whitehead think people continued to subscribe to materialistic thinking?,0,0,0,1,0,1
How would world cultures and languages evolve if humans began to colonize other planets in the next century?,0,0,0,0,1,1
Why would an issuer have additional adjustments?,0,1,0,1,0,0
Why do people eat Gaejang-guk in the summer months?,0,1,0,1,0,0
"And if there was indisputable evidence of a multiverse, how would it affect our philosophical and religious conceptions?",0,0,0,0,1,1
Why is the term saturation named as such?,0,1,0,1,0,0
Why is the Thuringian landscape not shaped by human influence?,0,1,0,1,0,0
"In addition to the fight against the death penalty, why a shortage of drugs for lethal injections in the United States?",0,0,0,1,0,1
How would legal systems around the world adapt to the introduction of mind-reading technology in courtrooms?,0,0,0,0,1,1
How did Pierre-Auguste Renoir's childhood and upbringing influence his artistic style and subject matter in his paintings?,0,0,0,1,0,1
Along with its political corruption why did Forbes call Miami the country's second most miserable city in 2001?,0,0,0,1,0,1
What did Avicenna want to reconcile with Islamic theology?,0,1,0,1,0,1
Did de Melo impose strict laws only on one class of people?,1,0,0,1,0,0
Why is there a video length limit on SVCD?,0,1,0,1,0,0
Imagine a world where humans have developed the ability to live in underwater cities; how would this affect geopolitical boundaries and oceanic exploration?,0,0,0,0,1,1
Why is there a debate on the dubbing of the oldest indigenous vertebrate diamond-backed terrapin?,0,1,0,1,0,1
List the transformations of daily life if humans no longer need sleep?,0,0,1,0,1,0
If humanity could fully harness the energy of black holes what would be the implications for space exploration and energy consumption?,0,0,0,0,1,1
"The CBC indicated that it did not want to pay for the transition from analogue to digital, because that is why it does it?",1,0,0,1,0,0
Why helps add an extra bounce to the floor?,0,1,0,1,0,0
Why did Hegel argue that the finite qualities were real?,0,1,0,1,0,1
Why is bilingualism still spoken in these states?,0,1,0,1,0,0
Why were political radicals such as Ernst Haekel so interested in On the Origin of Species?,0,1,0,1,0,0
Why were sales of the Power Mac G4 Cube slow?,0,1,0,1,0,0
Describe societal adjustments if humans have acquired photosynthesis capability?,0,0,1,0,1,0
"With regard to education in Swaziland, what is a NCP otherwise called?",0,1,0,0,0,1
Why didn't the Japanese launch their planned attack on September 20 1945?,0,1,0,1,0,0
Why would zinc be derived from the imaginary word zinke?,0,1,0,1,0,0
What did Arnold J Toynbee think?,0,1,0,1,0,0
Why did German raids decline between 1916-1918?,0,1,0,1,0,0
List some famous French impressionist painters and describe their distinctive styles.,0,0,1,0,0,1
Identify the French colonies lost against the British in 1759 and 1762.,0,1,0,1,0,0
Why can't some memories be held onto forever?,0,1,0,1,0,0
What invasion caused the collapse of the Mali Empire?,0,1,0,1,0,0
Was Menzies for or against nationalizing the banking system in Australia?,0,1,0,1,0,0
Are Protestants celebrating Marian holidays or not?,0,1,0,1,0,0
Why are Low German varieties regarded as dialects of standard German?,0,1,0,1,0,1
Outside of promoting diversity was does Eastland believe the other reason to be against affirmative action is?,0,1,0,0,0,1
Why did the Russian Orthodox Church and Federation of Jewish Communities of Russian asked members to boycott the concert?,0,1,0,1,0,0
Why did Gaddis Smith believe John Kerry led Yale's Political Union Liberal Party?,0,0,0,1,0,1
Why is the term post-punk sometimes challenged?,0,1,0,1,0,0
Why is the presence of certain enzymes a sign of good health?,0,1,0,1,0,0
"Why was the Royal Assent Act, 1968 passed?",0,1,0,1,0,0
Outline the security measures needed to protect digital consciousness in a world where spirits can be downloaded,0,0,1,0,1,1
Why was Prince Hall Freemasonry formed?,0,1,0,1,0,1
Have the Slavic languages of the South developed consistently or independently?,0,1,0,1,0,0
"Why, in addition to limited periods of time, would you not be allowed in a country?",0,0,0,1,0,1
What would be the consequences of discovering an ancient civilization on Earth that was technologically advanced beyond current levels?,0,0,0,0,1,1
Why are poultry eggs useless outside of consumption?,0,1,0,1,0,0
Residence that speak German as their mother tongue and families have been in place for generations are often consider?,0,0,0,1,0,1
The siege of 1812 was fought against?,0,1,0,1,0,0
Why did the French government decide to build the TGV network (high-speed train) and what were the economic benefits of this decision?,0,0,0,1,0,1
What caused Eisenhower's attack in 1957?,0,1,0,1,0,0
Why are certain bacteria called predatory?,0,1,0,1,0,0
How would the discovery of a cure for aging affect global population resource management and the economy?,0,0,0,0,1,1
Why did Queen Victoria want to take control of other countries?,0,0,0,1,0,1
Why are certain larger transformations not permitted?,0,1,0,1,0,0
Why do almost all carriers using conventional aircraft have arrested-recovery systems?,0,1,0,1,0,0
"In Hegel's thought, what inner reality is possessed by the subject and the object?",0,1,0,0,0,1
Why did the FBI stop doing bullet lead analysis?,0,0,0,1,0,1
Was child labour rampant in Australia?,0,1,0,1,0,0
Why do critics hate to focus on Shakespeare?,0,1,0,1,0,0
According to the teaching of the Catholic religion is a savior for the necessary world?,1,0,0,1,0,0
When did Britain encourage the immigration of workers?,0,1,0,1,0,0
Do some cultures not use the term 'Black people'?,1,1,0,0,0,0
If a breakthrough in energy technology allowed for unlimited clean power how would this reshape global economies and geopolitical landscapes,0,0,0,0,1,1
Is the exact reason why Jesus was crucified?,1,0,0,1,0,0
Why did James T. Costa think that the biggest abandoned book would not have been so successful?,0,0,0,1,0,1
Why did Chesapeake Bay colonists begin to buy slaves?,0,1,0,1,0,0
Why is the initial stage of Ebola not very contagious?,0,1,0,1,0,0
Why are the languages of the indigenous peoples of Venezuela in danger of becoming extinct?,0,1,0,1,0,0
Why are depictions of God discouraged in Islam?,0,1,0,1,0,0
Whi did Victoria have to live with because she was unmarried?,0,1,0,0,0,1
Hooters rule of law key from pursuing personal ends and desires?,0,1,0,0,0,1
Why did many software developers choose not to redraw the Mac operating system and rewrite the programming code?,0,1,0,1,0,0
Why did Encyclopaedias and dictionaries become more popular at the age of reason?,0,1,0,1,0,0
Why did Whitehead view God's existence as a necessity for his metaphysical system?,0,0,0,1,0,1
Why do miniature PM motors use high energy magnets?,0,1,0,1,0,0
Why do people eat Gaejang-guk during the summer months?,0,1,0,1,0,0
Why was Nintendo accused of antitrust behaviour?,0,1,0,1,0,0
Why would the method of progressive application of operating voltage not be appropriate to protect electrolytic capacitors in older devices?,0,1,0,1,0,0
What trades did Pitcairners create on Norfolk Island?,0,1,1,0,0,0
When did EMI create the first stereo discs?,0,1,0,1,0,0
"Why do archaeologists view Iran as ""the Middle East""?",0,1,0,1,0,0
Why did the Soviets not create false elections in Poland?,0,0,0,1,0,1
Name one reason historians believe the conversion during the Roman era was limited in number and did not account for much of the Jewish population growth?,0,1,0,1,0,1
Why does ECRI reject theories based on the existence of different races?,0,0,0,1,0,1
Why do other versions of ASCII reload additional extensions?,0,1,0,1,0,0
Why would Italian Americans want to get themselves designated as members of a non-preferred group?,0,1,0,1,0,0
Why did the families send their daughters to Diego Monastery?,0,1,0,1,0,0
Why do so many multinationals have their American English headquarters in Miami?,0,1,0,1,0,0
Why did humans consider it necessary to resort to other breeding tactics in poultry?,0,1,0,1,0,0
Do adult teenagers or both weigh on the rewards and potential consequences of an action?,0,1,0,1,0,0
Does a tree growing quickly out in the open have thinner or thicker sapwood for its size than the same kind of tree in a dense forest?,0,1,0,1,0,0
Why were non - nobles and nobles called the same term?,0,0,0,1,0,1
Do bacteria have membrabe-bound organelles in their cytoplasm?,1,1,0,0,0,0
Name two reasons why the Low Countries turned against Philip II?,0,0,1,1,0,0
Why were Europe's Empires and Kingdoms dispatched?,0,0,0,1,0,1
Why did Telnet define an ASCII as a Network Virtual Terminal?,0,1,0,1,0,1
Why is the Chinese government not similar to the structure of unity?,0,1,0,1,0,0
Outline the security measures necessary to protect digital consciousness in a world where minds can be uploaded,0,0,1,0,1,1
Why was Virgil called Mantua's Swan?,0,0,0,1,0,1
Why is there no difficulty in using poultry to grow vaccines?,0,1,0,1,0,0
Why are CDs limited to one size?,0,1,0,1,0,0
Why do modern races resemble their wild ancestors?,0,1,0,1,0,0
Why was the term formalization and division first used?,0,1,0,1,0,1
Why couldn't differences in flora and fauna be explained by differences in regions alone?,0,1,0,1,0,0
Why is calculating the days of the Gregorian calendar not simple?,0,1,0,1,0,0
Why use two consecutive year dates?,0,1,0,1,0,0
What has begun pressuring department stores in more recent years?,0,1,0,1,0,0
How would the discovery of a parallel universe with advanced civilizations challenge our understanding of physics and society?,0,0,0,0,1,1
What nation was part of the Independence Bloc of Eritrean parties?,0,1,0,0,0,1
Why help add an extra rebound to the ground?,0,1,0,1,0,0
Why did HP province come into being?,0,0,0,1,0,1
Why has the tactics of bombing German base aircraft factories and fuel reserves not been practical?,0,1,0,1,0,0
Why did the year sometimes have to be double dated after 1582?,0,1,0,1,0,0
Why is sociocultural anthropology interested in the type of conflict?,0,0,0,1,0,1
Why was Gaddafi made fun of in elementary school?,0,1,0,1,0,0
"How did the Treaty of Versailles affect the political and social climate in France after World War I, and what were some of the long-term effects of this treaty?",0,0,0,1,0,1
Why was the Chinese network security team created?,0,1,0,1,0,0
Why did the CIRFU create Burnside rules?,0,1,0,1,0,0
Why are ice crevices formed?,0,1,0,1,0,0
What has started to put pressure on department stores in recent years?,0,1,0,1,0,0
Why is Israel referred to as Canaan?,0,1,0,1,0,0
Why cant artifacts from the Phoenicians be easily excavated?,0,1,0,1,0,0
Why was the Liaison and Information Centre of the Men's Authorities Signing the Strasbourg Appeal established?,0,1,0,1,0,1
Why should nursing women increase their water consumption?,0,1,0,1,0,0
Why does the sequence of one strand completely specify the sequence of its complement?,0,1,0,1,0,0
If a global pandemic could be predicted with absolute certainty 10 years in advance what steps should humanity take to prevent it?,0,0,0,0,1,1
Increasing pressure on the diaphragm thus increasing air output more frequently is usually caused by?,0,1,0,1,0,0
"If it became possible to accurately predict its future through technology, what would be the societal and psychological impacts?",0,0,0,0,1,1
What event led to the assumption of power by the Soviet government?,0,1,0,1,0,0
Why is less intellectual property more desirable?,0,1,0,1,0,0
Why did Kierkegaard believe that humans could have a system of reality?,0,0,0,1,0,1
Why can suburban lines built to different standards be complicated?,0,0,0,1,0,1
List environmental advantages and disadvantages if the majority of the world's population moves to environmentally friendly megacities,0,0,1,0,1,1
Describe the Popular Revolution.,0,0,0,1,0,1
Why would American Italians want to be nominated as members of a non-privileged group?,0,1,0,1,0,0
Why did she receive this award?,0,1,0,1,0,0
List the challenges and opportunities of education if augmented reality becomes the main method of learning,0,0,1,0,1,1
Why is this country so influential on Burmese academics?,0,0,0,1,0,1
Why was zinc being used in the 1930's?,0,1,0,1,0,0
Why did the world community notice the need for help?,0,0,0,1,0,1
Why was San Diego ineligible for two VHF channels?,0,1,0,1,0,0
In the 1950's why did the Picturephone not become a success?,0,1,0,1,0,0
Why is CBC's coverage preferable to that of other networks in the United States?,0,0,0,1,0,1
Ban Ki-moon says renewable energy has the capacity to bring the poorest nations to new levels of prosperity?,0,0,0,1,0,1
Why were nine large portals used in the construction of the Roman arch of Constantine?,0,1,0,1,0,0
Why did Emperor Kammu move the capital to Heian0kyo after a 1000 years?,0,1,0,1,0,1
"Is electricity produced from non-renewable forms, including?",0,1,1,0,0,0
Why is the base of a BJT narrow?,0,1,0,1,0,0
Mary stated that she was the mother of Jesus but also referred to herself as?,0,1,0,0,0,1
What effect did Whitehead have on the future of metaphysics?,0,1,0,1,0,0
